﻿<?xml version="1.0" encoding="utf-8"?>
<abapGit version="v1.0.0" serializer="LCL_OBJECT_CLAS" serializer_version="v1.0.0">
 <asx:abap xmlns:asx="http://www.sap.com/abapxml" version="1.0">
  <asx:values>
   <VSEOCLASS>
    <CLSNAME>ZCL_ZPRICE_MGMT_MPC</CLSNAME>
    <LANGU>P</LANGU>
    <DESCRIPT>ZCL_ZPRICE_MGMT_MPC</DESCRIPT>
    <STATE>1</STATE>
    <CLSCCINCL>X</CLSCCINCL>
    <FIXPT>X</FIXPT>
    <UNICODE>X</UNICODE>
   </VSEOCLASS>
   <DESCRIPTIONS_CLASS>
    <SEOCLASSTX>
     <LANGU>E</LANGU>
     <DESCRIPT>ZCL_ZPRICE_MGMT_MPC</DESCRIPT>
    </SEOCLASSTX>
   </DESCRIPTIONS_CLASS>
   <DESCRIPTIONS>
    <SEOCOMPOTX>
     <CMPNAME>DEFINE_ASSOCIATIONS</CMPNAME>
     <LANGU>E</LANGU>
     <DESCRIPT>DEFINE_ASSOCIATIONS</DESCRIPT>
    </SEOCOMPOTX>
    <SEOCOMPOTX>
     <CMPNAME>DEFINE_ASSOCIATIONS</CMPNAME>
     <LANGU>P</LANGU>
     <DESCRIPT>DEFINE_ASSOCIATIONS</DESCRIPT>
    </SEOCOMPOTX>
    <SEOCOMPOTX>
     <CMPNAME>DEFINE_PRICE</CMPNAME>
     <LANGU>E</LANGU>
     <DESCRIPT>DEFINE_PRICE</DESCRIPT>
    </SEOCOMPOTX>
    <SEOCOMPOTX>
     <CMPNAME>DEFINE_PRICE</CMPNAME>
     <LANGU>P</LANGU>
     <DESCRIPT>DEFINE_PRICE</DESCRIPT>
    </SEOCOMPOTX>
    <SEOCOMPOTX>
     <CMPNAME>DEFINE_PRODUCT</CMPNAME>
     <LANGU>E</LANGU>
     <DESCRIPT>DEFINE_PRODUCT</DESCRIPT>
    </SEOCOMPOTX>
    <SEOCOMPOTX>
     <CMPNAME>DEFINE_PRODUCT</CMPNAME>
     <LANGU>P</LANGU>
     <DESCRIPT>DEFINE_PRODUCT</DESCRIPT>
    </SEOCOMPOTX>
    <SEOCOMPOTX>
     <CMPNAME>DEFINE_REQUEST</CMPNAME>
     <LANGU>E</LANGU>
     <DESCRIPT>DEFINE_REQUEST</DESCRIPT>
    </SEOCOMPOTX>
    <SEOCOMPOTX>
     <CMPNAME>DEFINE_REQUEST</CMPNAME>
     <LANGU>P</LANGU>
     <DESCRIPT>DEFINE_REQUEST</DESCRIPT>
    </SEOCOMPOTX>
    <SEOCOMPOTX>
     <CMPNAME>LOAD_TEXT_ELEMENTS</CMPNAME>
     <LANGU>E</LANGU>
     <DESCRIPT>LOAD_TEXT_ELEMENTS</DESCRIPT>
    </SEOCOMPOTX>
    <SEOCOMPOTX>
     <CMPNAME>LOAD_TEXT_ELEMENTS</CMPNAME>
     <LANGU>P</LANGU>
     <DESCRIPT>LOAD_TEXT_ELEMENTS</DESCRIPT>
    </SEOCOMPOTX>
   </DESCRIPTIONS>
  </asx:values>
 </asx:abap>
</abapGit>
