﻿<?xml version="1.0" encoding="utf-8"?>
<abapGit version="v1.0.0" serializer="LCL_OBJECT_CLAS" serializer_version="v1.0.0">
 <asx:abap xmlns:asx="http://www.sap.com/abapxml" version="1.0">
  <asx:values>
   <VSEOCLASS>
    <CLSNAME>ZCL_ZPRICE_MGMT_DPC_EXT</CLSNAME>
    <LANGU>E</LANGU>
    <DESCRIPT>Data Provider Secondary Class</DESCRIPT>
    <STATE>1</STATE>
    <CLSCCINCL>X</CLSCCINCL>
    <FIXPT>X</FIXPT>
    <UNICODE>X</UNICODE>
   </VSEOCLASS>
   <DESCRIPTIONS_CLASS>
    <SEOCLASSTX>
     <LANGU>E</LANGU>
     <DESCRIPT>Data Provider Secondary Class</DESCRIPT>
    </SEOCLASSTX>
   </DESCRIPTIONS_CLASS>
  </asx:values>
 </asx:abap>
</abapGit>
