﻿<?xml version="1.0" encoding="utf-8"?>
<abapGit version="v1.0.0" serializer="LCL_OBJECT_IWPR" serializer_version="v1.0.0">
 <asx:abap xmlns:asx="http://www.sap.com/abapxml" version="1.0">
  <asx:values>
   <_-IWBEP_-I_SBD_AT>
    <_-IWBEP_-I_SBD_AT>
     <PROJECT>ZPRICE_MGMT</PROJECT>
     <NODE_UUID>bQaIQJy9H9CGvu+9fg1I6A==</NODE_UUID>
     <NODE_UUID_PA>bQaIQJy9H9CGvpdb3HLIKA==</NODE_UUID_PA>
     <PLUGIN_PA>/IWBEP/CORE</PLUGIN_PA>
     <NODE_TYPE_PA>PROJ</NODE_TYPE_PA>
     <NAME>GENERATED_METHODS_RDS</NAME>
     <TYPE>V2_RDS</TYPE>
     <MIME_TYPE>XML</MIME_TYPE>
     <VALUE>PD94bWwgdmVyc2lvbj0iMS4wIiBlbmNvZGluZz0idXRmLTgiPz48YXN4OmFiYXAgdmVyc2lvbj0i
MS4wIiB4bWxuczphc3g9Imh0dHA6Ly93d3cuc2FwLmNvbS9hYmFweG1sIj48YXN4OnZhbHVlcz48
R0VOLz48L2FzeDp2YWx1ZXM+PC9hc3g6YWJhcD4=</VALUE>
    </_-IWBEP_-I_SBD_AT>
   </_-IWBEP_-I_SBD_AT>
   <_-IWBEP_-I_SBD_DS>
    <_-IWBEP_-I_SBD_DS>
     <PROJECT>ZPRICE_MGMT</PROJECT>
     <NODE_UUID>bQaIQJy9H9CGxFau7l0UWQ==</NODE_UUID>
     <PARENT_UUID>bQaIQJy9H9CGvpdb3HMIKA==</PARENT_UUID>
     <NAME>ZTB_PRODUCT</NAME>
     <DS_TYPE>5</DS_TYPE>
    </_-IWBEP_-I_SBD_DS>
    <_-IWBEP_-I_SBD_DS>
     <PROJECT>ZPRICE_MGMT</PROJECT>
     <NODE_UUID>bQaIQJy9H9CGxGhA1kiUaw==</NODE_UUID>
     <PARENT_UUID>bQaIQJy9H9CGvpdb3HMIKA==</PARENT_UUID>
     <NAME>ZTB_PRICE</NAME>
     <DS_TYPE>5</DS_TYPE>
    </_-IWBEP_-I_SBD_DS>
    <_-IWBEP_-I_SBD_DS>
     <PROJECT>ZPRICE_MGMT</PROJECT>
     <NODE_UUID>bQaIQJy9H9CGxG453kLUhw==</NODE_UUID>
     <PARENT_UUID>bQaIQJy9H9CGvpdb3HMIKA==</PARENT_UUID>
     <NAME>ZTB_REQUEST</NAME>
     <DS_TYPE>5</DS_TYPE>
    </_-IWBEP_-I_SBD_DS>
   </_-IWBEP_-I_SBD_DS>
   <_-IWBEP_-I_SBD_GA>
    <_-IWBEP_-I_SBD_GA>
     <PROJECT>ZPRICE_MGMT</PROJECT>
     <NODE_UUID>bQaIQJy9H9CGvu/OBgdI6A==</NODE_UUID>
     <NAME>ZCL_ZPRICE_MGMT_MPC</NAME>
     <PGMID>R3TR</PGMID>
     <TROBJ_TYPE>CLAS</TROBJ_TYPE>
     <TROBJ_NAME>ZCL_ZPRICE_MGMT_MPC</TROBJ_NAME>
     <GEN_ART_TYPE>MPCB</GEN_ART_TYPE>
    </_-IWBEP_-I_SBD_GA>
    <_-IWBEP_-I_SBD_GA>
     <PROJECT>ZPRICE_MGMT</PROJECT>
     <NODE_UUID>bQaIQJy9H9CGvu/OBgdo6A==</NODE_UUID>
     <NAME>ZCL_ZPRICE_MGMT_MPC_EXT</NAME>
     <PGMID>R3TR</PGMID>
     <TROBJ_TYPE>CLAS</TROBJ_TYPE>
     <TROBJ_NAME>ZCL_ZPRICE_MGMT_MPC_EXT</TROBJ_NAME>
     <GEN_ART_TYPE>MPCS</GEN_ART_TYPE>
    </_-IWBEP_-I_SBD_GA>
    <_-IWBEP_-I_SBD_GA>
     <PROJECT>ZPRICE_MGMT</PROJECT>
     <NODE_UUID>bQaIQJy9H9CGvu/OBgeI6A==</NODE_UUID>
     <NAME>ZCL_ZPRICE_MGMT_DPC</NAME>
     <PGMID>R3TR</PGMID>
     <TROBJ_TYPE>CLAS</TROBJ_TYPE>
     <TROBJ_NAME>ZCL_ZPRICE_MGMT_DPC</TROBJ_NAME>
     <GEN_ART_TYPE>DPCB</GEN_ART_TYPE>
    </_-IWBEP_-I_SBD_GA>
    <_-IWBEP_-I_SBD_GA>
     <PROJECT>ZPRICE_MGMT</PROJECT>
     <NODE_UUID>bQaIQJy9H9CGvu/OBgeo6A==</NODE_UUID>
     <NAME>ZCL_ZPRICE_MGMT_DPC_EXT</NAME>
     <PGMID>R3TR</PGMID>
     <TROBJ_TYPE>CLAS</TROBJ_TYPE>
     <TROBJ_NAME>ZCL_ZPRICE_MGMT_DPC_EXT</TROBJ_NAME>
     <GEN_ART_TYPE>DPCS</GEN_ART_TYPE>
    </_-IWBEP_-I_SBD_GA>
    <_-IWBEP_-I_SBD_GA>
     <PROJECT>ZPRICE_MGMT</PROJECT>
     <NODE_UUID>bQaIQJy9H9CGvu/OBgfI6A==</NODE_UUID>
     <NAME>ZPRICE_MGMT_MDL</NAME>
     <PGMID>R3TR</PGMID>
     <TROBJ_TYPE>IWMO</TROBJ_TYPE>
     <TROBJ_NAME>ZPRICE_MGMT_MDL</TROBJ_NAME>
     <GEN_ART_TYPE>MDL</GEN_ART_TYPE>
    </_-IWBEP_-I_SBD_GA>
    <_-IWBEP_-I_SBD_GA>
     <PROJECT>ZPRICE_MGMT</PROJECT>
     <NODE_UUID>bQaIQJy9H9CGvu/OBgfo6A==</NODE_UUID>
     <NAME>ZPRICE_MGMT_SRV</NAME>
     <PGMID>R3TR</PGMID>
     <TROBJ_TYPE>IWSV</TROBJ_TYPE>
     <TROBJ_NAME>ZPRICE_MGMT_SRV</TROBJ_NAME>
     <GEN_ART_TYPE>SRV</GEN_ART_TYPE>
    </_-IWBEP_-I_SBD_GA>
   </_-IWBEP_-I_SBD_GA>
   <_-IWBEP_-I_SBD_GAT>
    <_-IWBEP_-I_SBD_GAT>
     <SYLANGU>P</SYLANGU>
     <PROJECT>ZPRICE_MGMT</PROJECT>
     <NODE_UUID>bQaIQJy9H9CGvu/OBgdI6A==</NODE_UUID>
    </_-IWBEP_-I_SBD_GAT>
    <_-IWBEP_-I_SBD_GAT>
     <SYLANGU>P</SYLANGU>
     <PROJECT>ZPRICE_MGMT</PROJECT>
     <NODE_UUID>bQaIQJy9H9CGvu/OBgdo6A==</NODE_UUID>
    </_-IWBEP_-I_SBD_GAT>
    <_-IWBEP_-I_SBD_GAT>
     <SYLANGU>P</SYLANGU>
     <PROJECT>ZPRICE_MGMT</PROJECT>
     <NODE_UUID>bQaIQJy9H9CGvu/OBgeI6A==</NODE_UUID>
    </_-IWBEP_-I_SBD_GAT>
    <_-IWBEP_-I_SBD_GAT>
     <SYLANGU>P</SYLANGU>
     <PROJECT>ZPRICE_MGMT</PROJECT>
     <NODE_UUID>bQaIQJy9H9CGvu/OBgeo6A==</NODE_UUID>
    </_-IWBEP_-I_SBD_GAT>
   </_-IWBEP_-I_SBD_GAT>
   <_-IWBEP_-I_SBD_MD>
    <_-IWBEP_-I_SBD_MD>
     <PROJECT>ZPRICE_MGMT</PROJECT>
     <NODE_UUID>bQaIQJy9H9CGvpdb3HLoKA==</NODE_UUID>
     <NODE_UUID_PA>bQaIQJy9H9CGvpdb3HLIKA==</NODE_UUID_PA>
     <PLUGIN_PA>/IWBEP/CORE</PLUGIN_PA>
     <NODE_TYPE_PA>PROJ</NODE_TYPE_PA>
     <TECHNICAL_NAME>ZPRICE_MGMT_MDL</TECHNICAL_NAME>
     <VERSION>0001</VERSION>
     <MPC>ZCL_ZPRICE_MGMT_MPC_EXT</MPC>
     <STATE_NS>S</STATE_NS>
     <VALUE_NS>ZPRICE_MGMT_SRV</VALUE_NS>
    </_-IWBEP_-I_SBD_MD>
   </_-IWBEP_-I_SBD_MD>
   <_-IWBEP_-I_SBD_NOI>
    <_-IWBEP_-I_SBD_NOI>
     <PROJECT>ZPRICE_MGMT</PROJECT>
     <NODE_UUID>bQaIQJy9H9CGvpdb3HLIKA==</NODE_UUID>
    </_-IWBEP_-I_SBD_NOI>
    <_-IWBEP_-I_SBD_NOI>
     <PROJECT>ZPRICE_MGMT</PROJECT>
     <NODE_UUID>bQaIQJy9H9CGvpdb3HLoKA==</NODE_UUID>
    </_-IWBEP_-I_SBD_NOI>
    <_-IWBEP_-I_SBD_NOI>
     <PROJECT>ZPRICE_MGMT</PROJECT>
     <NODE_UUID>bQaIQJy9H9CGvpdb3HMIKA==</NODE_UUID>
    </_-IWBEP_-I_SBD_NOI>
    <_-IWBEP_-I_SBD_NOI>
     <PROJECT>ZPRICE_MGMT</PROJECT>
     <NODE_UUID>bQaIQJy9H9CGvu+9fg1I6A==</NODE_UUID>
    </_-IWBEP_-I_SBD_NOI>
    <_-IWBEP_-I_SBD_NOI>
     <PROJECT>ZPRICE_MGMT</PROJECT>
     <NODE_UUID>bQaIQJy9H9CGvu/OBgdI6A==</NODE_UUID>
    </_-IWBEP_-I_SBD_NOI>
    <_-IWBEP_-I_SBD_NOI>
     <PROJECT>ZPRICE_MGMT</PROJECT>
     <NODE_UUID>bQaIQJy9H9CGvu/OBgdo6A==</NODE_UUID>
    </_-IWBEP_-I_SBD_NOI>
    <_-IWBEP_-I_SBD_NOI>
     <PROJECT>ZPRICE_MGMT</PROJECT>
     <NODE_UUID>bQaIQJy9H9CGvu/OBgeI6A==</NODE_UUID>
    </_-IWBEP_-I_SBD_NOI>
    <_-IWBEP_-I_SBD_NOI>
     <PROJECT>ZPRICE_MGMT</PROJECT>
     <NODE_UUID>bQaIQJy9H9CGvu/OBgeo6A==</NODE_UUID>
    </_-IWBEP_-I_SBD_NOI>
    <_-IWBEP_-I_SBD_NOI>
     <PROJECT>ZPRICE_MGMT</PROJECT>
     <NODE_UUID>bQaIQJy9H9CGvu/OBgfI6A==</NODE_UUID>
    </_-IWBEP_-I_SBD_NOI>
    <_-IWBEP_-I_SBD_NOI>
     <PROJECT>ZPRICE_MGMT</PROJECT>
     <NODE_UUID>bQaIQJy9H9CGvu/OBgfo6A==</NODE_UUID>
    </_-IWBEP_-I_SBD_NOI>
    <_-IWBEP_-I_SBD_NOI>
     <PROJECT>ZPRICE_MGMT</PROJECT>
     <NODE_UUID>bQaIQJy9H9CGxFau7l0UWQ==</NODE_UUID>
    </_-IWBEP_-I_SBD_NOI>
    <_-IWBEP_-I_SBD_NOI>
     <PROJECT>ZPRICE_MGMT</PROJECT>
     <NODE_UUID>bQaIQJy9H9CGxGUh7d0UZw==</NODE_UUID>
     <TYPE>DASO</TYPE>
     <NAME>6D0688409CBD1FD086C456AEEE5D1459ZTB_PRODUCT</NAME>
    </_-IWBEP_-I_SBD_NOI>
    <_-IWBEP_-I_SBD_NOI>
     <PROJECT>ZPRICE_MGMT</PROJECT>
     <NODE_UUID>bQaIQJy9H9CGxGUh7d00Zw==</NODE_UUID>
     <TYPE>DASO</TYPE>
     <NAME>6D0688409CBD1FD086C456AEEE5D1459ZTB_PRODUCT\ID</NAME>
    </_-IWBEP_-I_SBD_NOI>
    <_-IWBEP_-I_SBD_NOI>
     <PROJECT>ZPRICE_MGMT</PROJECT>
     <NODE_UUID>bQaIQJy9H9CGxGUh7d1UZw==</NODE_UUID>
     <TYPE>DASO</TYPE>
     <NAME>6D0688409CBD1FD086C456AEEE5D1459ZTB_PRODUCT\EXTERNAL_CODE</NAME>
    </_-IWBEP_-I_SBD_NOI>
    <_-IWBEP_-I_SBD_NOI>
     <PROJECT>ZPRICE_MGMT</PROJECT>
     <NODE_UUID>bQaIQJy9H9CGxGUh7d10Zw==</NODE_UUID>
     <TYPE>DASO</TYPE>
     <NAME>6D0688409CBD1FD086C456AEEE5D1459ZTB_PRODUCT\NAME</NAME>
    </_-IWBEP_-I_SBD_NOI>
    <_-IWBEP_-I_SBD_NOI>
     <PROJECT>ZPRICE_MGMT</PROJECT>
     <NODE_UUID>bQaIQJy9H9CGxGUh7d2UZw==</NODE_UUID>
     <TYPE>DASO</TYPE>
     <NAME>6D0688409CBD1FD086C456AEEE5D1459ZTB_PRODUCT\BARCODE</NAME>
    </_-IWBEP_-I_SBD_NOI>
    <_-IWBEP_-I_SBD_NOI>
     <PROJECT>ZPRICE_MGMT</PROJECT>
     <NODE_UUID>bQaIQJy9H9CGxGUh7d20Zw==</NODE_UUID>
     <TYPE>DASO</TYPE>
     <NAME>6D0688409CBD1FD086C456AEEE5D1459ZTB_PRODUCT\CATEGORY_ID</NAME>
    </_-IWBEP_-I_SBD_NOI>
    <_-IWBEP_-I_SBD_NOI>
     <PROJECT>ZPRICE_MGMT</PROJECT>
     <NODE_UUID>bQaIQJy9H9CGxGUh7d3UZw==</NODE_UUID>
     <TYPE>DASO</TYPE>
     <NAME>6D0688409CBD1FD086C456AEEE5D1459ZTB_PRODUCT\SUPPLIER_ID</NAME>
    </_-IWBEP_-I_SBD_NOI>
    <_-IWBEP_-I_SBD_NOI>
     <PROJECT>ZPRICE_MGMT</PROJECT>
     <NODE_UUID>bQaIQJy9H9CGxGUh7d30Zw==</NODE_UUID>
     <TYPE>DASO</TYPE>
     <NAME>6D0688409CBD1FD086C456AEEE5D1459ZTB_PRODUCT\QUANTITY_UNIT</NAME>
    </_-IWBEP_-I_SBD_NOI>
    <_-IWBEP_-I_SBD_NOI>
     <PROJECT>ZPRICE_MGMT</PROJECT>
     <NODE_UUID>bQaIQJy9H9CGxGUh7d4UZw==</NODE_UUID>
     <TYPE>DASO</TYPE>
     <NAME>6D0688409CBD1FD086C456AEEE5D1459ZTB_PRODUCT\UOM</NAME>
    </_-IWBEP_-I_SBD_NOI>
    <_-IWBEP_-I_SBD_NOI>
     <PROJECT>ZPRICE_MGMT</PROJECT>
     <NODE_UUID>bQaIQJy9H9CGxGUh7d40Zw==</NODE_UUID>
     <TYPE>DASO</TYPE>
     <NAME>6D0688409CBD1FD086C456AEEE5D1459ZTB_PRODUCT\WEIGHT</NAME>
    </_-IWBEP_-I_SBD_NOI>
    <_-IWBEP_-I_SBD_NOI>
     <PROJECT>ZPRICE_MGMT</PROJECT>
     <NODE_UUID>bQaIQJy9H9CGxGUh7d5UZw==</NODE_UUID>
     <TYPE>DASO</TYPE>
     <NAME>6D0688409CBD1FD086C456AEEE5D1459ZTB_PRODUCT\DISCONTINUED</NAME>
    </_-IWBEP_-I_SBD_NOI>
    <_-IWBEP_-I_SBD_NOI>
     <PROJECT>ZPRICE_MGMT</PROJECT>
     <NODE_UUID>bQaIQJy9H9CGxGUh7d50Zw==</NODE_UUID>
    </_-IWBEP_-I_SBD_NOI>
    <_-IWBEP_-I_SBD_NOI>
     <PROJECT>ZPRICE_MGMT</PROJECT>
     <NODE_UUID>bQaIQJy9H9CGxGUh7d6UZw==</NODE_UUID>
    </_-IWBEP_-I_SBD_NOI>
    <_-IWBEP_-I_SBD_NOI>
     <PROJECT>ZPRICE_MGMT</PROJECT>
     <NODE_UUID>bQaIQJy9H9CGxGUh7d60Zw==</NODE_UUID>
    </_-IWBEP_-I_SBD_NOI>
    <_-IWBEP_-I_SBD_NOI>
     <PROJECT>ZPRICE_MGMT</PROJECT>
     <NODE_UUID>bQaIQJy9H9CGxGUh7d7UZw==</NODE_UUID>
    </_-IWBEP_-I_SBD_NOI>
    <_-IWBEP_-I_SBD_NOI>
     <PROJECT>ZPRICE_MGMT</PROJECT>
     <NODE_UUID>bQaIQJy9H9CGxGUh7d70Zw==</NODE_UUID>
    </_-IWBEP_-I_SBD_NOI>
    <_-IWBEP_-I_SBD_NOI>
     <PROJECT>ZPRICE_MGMT</PROJECT>
     <NODE_UUID>bQaIQJy9H9CGxGUh7d8UZw==</NODE_UUID>
    </_-IWBEP_-I_SBD_NOI>
    <_-IWBEP_-I_SBD_NOI>
     <PROJECT>ZPRICE_MGMT</PROJECT>
     <NODE_UUID>bQaIQJy9H9CGxGUh7d80Zw==</NODE_UUID>
    </_-IWBEP_-I_SBD_NOI>
    <_-IWBEP_-I_SBD_NOI>
     <PROJECT>ZPRICE_MGMT</PROJECT>
     <NODE_UUID>bQaIQJy9H9CGxGhA1kiUaw==</NODE_UUID>
    </_-IWBEP_-I_SBD_NOI>
    <_-IWBEP_-I_SBD_NOI>
     <PROJECT>ZPRICE_MGMT</PROJECT>
     <NODE_UUID>bQaIQJy9H9CGxGxFwwoUhw==</NODE_UUID>
     <TYPE>DASO</TYPE>
     <NAME>6D0688409CBD1FD086C46840D648946BZTB_PRICE</NAME>
    </_-IWBEP_-I_SBD_NOI>
    <_-IWBEP_-I_SBD_NOI>
     <PROJECT>ZPRICE_MGMT</PROJECT>
     <NODE_UUID>bQaIQJy9H9CGxGxFwwo0hw==</NODE_UUID>
     <TYPE>DASO</TYPE>
     <NAME>6D0688409CBD1FD086C46840D648946BZTB_PRICE\ID</NAME>
    </_-IWBEP_-I_SBD_NOI>
    <_-IWBEP_-I_SBD_NOI>
     <PROJECT>ZPRICE_MGMT</PROJECT>
     <NODE_UUID>bQaIQJy9H9CGxGxFwwpUhw==</NODE_UUID>
     <TYPE>DASO</TYPE>
     <NAME>6D0688409CBD1FD086C46840D648946BZTB_PRICE\PRODUCT_ID</NAME>
    </_-IWBEP_-I_SBD_NOI>
    <_-IWBEP_-I_SBD_NOI>
     <PROJECT>ZPRICE_MGMT</PROJECT>
     <NODE_UUID>bQaIQJy9H9CGxGxFwwp0hw==</NODE_UUID>
     <TYPE>DASO</TYPE>
     <NAME>6D0688409CBD1FD086C46840D648946BZTB_PRICE\VALUE</NAME>
    </_-IWBEP_-I_SBD_NOI>
    <_-IWBEP_-I_SBD_NOI>
     <PROJECT>ZPRICE_MGMT</PROJECT>
     <NODE_UUID>bQaIQJy9H9CGxGxFwwqUhw==</NODE_UUID>
     <TYPE>DASO</TYPE>
     <NAME>6D0688409CBD1FD086C46840D648946BZTB_PRICE\CURRENCY</NAME>
    </_-IWBEP_-I_SBD_NOI>
    <_-IWBEP_-I_SBD_NOI>
     <PROJECT>ZPRICE_MGMT</PROJECT>
     <NODE_UUID>bQaIQJy9H9CGxGxFwwq0hw==</NODE_UUID>
     <TYPE>DASO</TYPE>
     <NAME>6D0688409CBD1FD086C46840D648946BZTB_PRICE\VALID_FROM</NAME>
    </_-IWBEP_-I_SBD_NOI>
    <_-IWBEP_-I_SBD_NOI>
     <PROJECT>ZPRICE_MGMT</PROJECT>
     <NODE_UUID>bQaIQJy9H9CGxGxFwwrUhw==</NODE_UUID>
     <TYPE>DASO</TYPE>
     <NAME>6D0688409CBD1FD086C46840D648946BZTB_PRICE\VALID_TO</NAME>
    </_-IWBEP_-I_SBD_NOI>
    <_-IWBEP_-I_SBD_NOI>
     <PROJECT>ZPRICE_MGMT</PROJECT>
     <NODE_UUID>bQaIQJy9H9CGxGxFwwr0hw==</NODE_UUID>
    </_-IWBEP_-I_SBD_NOI>
    <_-IWBEP_-I_SBD_NOI>
     <PROJECT>ZPRICE_MGMT</PROJECT>
     <NODE_UUID>bQaIQJy9H9CGxGxFwwsUhw==</NODE_UUID>
    </_-IWBEP_-I_SBD_NOI>
    <_-IWBEP_-I_SBD_NOI>
     <PROJECT>ZPRICE_MGMT</PROJECT>
     <NODE_UUID>bQaIQJy9H9CGxGxFwws0hw==</NODE_UUID>
    </_-IWBEP_-I_SBD_NOI>
    <_-IWBEP_-I_SBD_NOI>
     <PROJECT>ZPRICE_MGMT</PROJECT>
     <NODE_UUID>bQaIQJy9H9CGxGxFwwtUhw==</NODE_UUID>
    </_-IWBEP_-I_SBD_NOI>
    <_-IWBEP_-I_SBD_NOI>
     <PROJECT>ZPRICE_MGMT</PROJECT>
     <NODE_UUID>bQaIQJy9H9CGxGxFwwt0hw==</NODE_UUID>
    </_-IWBEP_-I_SBD_NOI>
    <_-IWBEP_-I_SBD_NOI>
     <PROJECT>ZPRICE_MGMT</PROJECT>
     <NODE_UUID>bQaIQJy9H9CGxGxFwwuUhw==</NODE_UUID>
    </_-IWBEP_-I_SBD_NOI>
    <_-IWBEP_-I_SBD_NOI>
     <PROJECT>ZPRICE_MGMT</PROJECT>
     <NODE_UUID>bQaIQJy9H9CGxGxFwwu0hw==</NODE_UUID>
    </_-IWBEP_-I_SBD_NOI>
    <_-IWBEP_-I_SBD_NOI>
     <PROJECT>ZPRICE_MGMT</PROJECT>
     <NODE_UUID>bQaIQJy9H9CGxG453kLUhw==</NODE_UUID>
    </_-IWBEP_-I_SBD_NOI>
    <_-IWBEP_-I_SBD_NOI>
     <PROJECT>ZPRICE_MGMT</PROJECT>
     <NODE_UUID>bQaIQJy9H9CGxG7pF9hUiw==</NODE_UUID>
     <TYPE>DASO</TYPE>
     <NAME>6D0688409CBD1FD086C46E39DE42D487ZTB_REQUEST</NAME>
    </_-IWBEP_-I_SBD_NOI>
    <_-IWBEP_-I_SBD_NOI>
     <PROJECT>ZPRICE_MGMT</PROJECT>
     <NODE_UUID>bQaIQJy9H9CGxG7pF9h0iw==</NODE_UUID>
     <TYPE>DASO</TYPE>
     <NAME>6D0688409CBD1FD086C46E39DE42D487ZTB_REQUEST\ID</NAME>
    </_-IWBEP_-I_SBD_NOI>
    <_-IWBEP_-I_SBD_NOI>
     <PROJECT>ZPRICE_MGMT</PROJECT>
     <NODE_UUID>bQaIQJy9H9CGxG7pF9iUiw==</NODE_UUID>
     <TYPE>DASO</TYPE>
     <NAME>6D0688409CBD1FD086C46E39DE42D487ZTB_REQUEST\PRODUCT_ID</NAME>
    </_-IWBEP_-I_SBD_NOI>
    <_-IWBEP_-I_SBD_NOI>
     <PROJECT>ZPRICE_MGMT</PROJECT>
     <NODE_UUID>bQaIQJy9H9CGxG7pF9i0iw==</NODE_UUID>
     <TYPE>DASO</TYPE>
     <NAME>6D0688409CBD1FD086C46E39DE42D487ZTB_REQUEST\REQUEST_DATE</NAME>
    </_-IWBEP_-I_SBD_NOI>
    <_-IWBEP_-I_SBD_NOI>
     <PROJECT>ZPRICE_MGMT</PROJECT>
     <NODE_UUID>bQaIQJy9H9CGxG7pF9jUiw==</NODE_UUID>
     <TYPE>DASO</TYPE>
     <NAME>6D0688409CBD1FD086C46E39DE42D487ZTB_REQUEST\REQUEST_TIME</NAME>
    </_-IWBEP_-I_SBD_NOI>
    <_-IWBEP_-I_SBD_NOI>
     <PROJECT>ZPRICE_MGMT</PROJECT>
     <NODE_UUID>bQaIQJy9H9CGxG7pF9j0iw==</NODE_UUID>
     <TYPE>DASO</TYPE>
     <NAME>6D0688409CBD1FD086C46E39DE42D487ZTB_REQUEST\NEW_PRICE</NAME>
    </_-IWBEP_-I_SBD_NOI>
    <_-IWBEP_-I_SBD_NOI>
     <PROJECT>ZPRICE_MGMT</PROJECT>
     <NODE_UUID>bQaIQJy9H9CGxG7pF9kUiw==</NODE_UUID>
     <TYPE>DASO</TYPE>
     <NAME>6D0688409CBD1FD086C46E39DE42D487ZTB_REQUEST\CURRENCY</NAME>
    </_-IWBEP_-I_SBD_NOI>
    <_-IWBEP_-I_SBD_NOI>
     <PROJECT>ZPRICE_MGMT</PROJECT>
     <NODE_UUID>bQaIQJy9H9CGxG7pF9k0iw==</NODE_UUID>
     <TYPE>DASO</TYPE>
     <NAME>6D0688409CBD1FD086C46E39DE42D487ZTB_REQUEST\STATUS</NAME>
    </_-IWBEP_-I_SBD_NOI>
    <_-IWBEP_-I_SBD_NOI>
     <PROJECT>ZPRICE_MGMT</PROJECT>
     <NODE_UUID>bQaIQJy9H9CGxG7pF9lUiw==</NODE_UUID>
     <TYPE>DASO</TYPE>
     <NAME>6D0688409CBD1FD086C46E39DE42D487ZTB_REQUEST\APPROVAL_DATE</NAME>
    </_-IWBEP_-I_SBD_NOI>
    <_-IWBEP_-I_SBD_NOI>
     <PROJECT>ZPRICE_MGMT</PROJECT>
     <NODE_UUID>bQaIQJy9H9CGxG7pF9l0iw==</NODE_UUID>
     <TYPE>DASO</TYPE>
     <NAME>6D0688409CBD1FD086C46E39DE42D487ZTB_REQUEST\APPROVAL_TIME</NAME>
    </_-IWBEP_-I_SBD_NOI>
    <_-IWBEP_-I_SBD_NOI>
     <PROJECT>ZPRICE_MGMT</PROJECT>
     <NODE_UUID>bQaIQJy9H9CGxG7pF9mUiw==</NODE_UUID>
     <TYPE>DASO</TYPE>
     <NAME>6D0688409CBD1FD086C46E39DE42D487ZTB_REQUEST\APPROVER_USER</NAME>
    </_-IWBEP_-I_SBD_NOI>
    <_-IWBEP_-I_SBD_NOI>
     <PROJECT>ZPRICE_MGMT</PROJECT>
     <NODE_UUID>bQaIQJy9H9CGxG7pF9m0iw==</NODE_UUID>
    </_-IWBEP_-I_SBD_NOI>
    <_-IWBEP_-I_SBD_NOI>
     <PROJECT>ZPRICE_MGMT</PROJECT>
     <NODE_UUID>bQaIQJy9H9CGxG7pF9nUiw==</NODE_UUID>
    </_-IWBEP_-I_SBD_NOI>
    <_-IWBEP_-I_SBD_NOI>
     <PROJECT>ZPRICE_MGMT</PROJECT>
     <NODE_UUID>bQaIQJy9H9CGxG7pF9n0iw==</NODE_UUID>
    </_-IWBEP_-I_SBD_NOI>
    <_-IWBEP_-I_SBD_NOI>
     <PROJECT>ZPRICE_MGMT</PROJECT>
     <NODE_UUID>bQaIQJy9H9CGxG7pF9oUiw==</NODE_UUID>
    </_-IWBEP_-I_SBD_NOI>
    <_-IWBEP_-I_SBD_NOI>
     <PROJECT>ZPRICE_MGMT</PROJECT>
     <NODE_UUID>bQaIQJy9H9CGxG7pF9o0iw==</NODE_UUID>
    </_-IWBEP_-I_SBD_NOI>
    <_-IWBEP_-I_SBD_NOI>
     <PROJECT>ZPRICE_MGMT</PROJECT>
     <NODE_UUID>bQaIQJy9H9CGxG7pF9pUiw==</NODE_UUID>
    </_-IWBEP_-I_SBD_NOI>
    <_-IWBEP_-I_SBD_NOI>
     <PROJECT>ZPRICE_MGMT</PROJECT>
     <NODE_UUID>bQaIQJy9H9CGxG7pF9p0iw==</NODE_UUID>
    </_-IWBEP_-I_SBD_NOI>
    <_-IWBEP_-I_SBD_NOI>
     <PROJECT>ZPRICE_MGMT</PROJECT>
     <NODE_UUID>bQaIQJy9H9CG2apjeSpCCg==</NODE_UUID>
    </_-IWBEP_-I_SBD_NOI>
    <_-IWBEP_-I_SBD_NOI>
     <PROJECT>ZPRICE_MGMT</PROJECT>
     <NODE_UUID>bQaIQJy9H9CG2apjeSpiCg==</NODE_UUID>
    </_-IWBEP_-I_SBD_NOI>
    <_-IWBEP_-I_SBD_NOI>
     <PROJECT>ZPRICE_MGMT</PROJECT>
     <NODE_UUID>bQaIQJy9H9CG2bfa7YyCLg==</NODE_UUID>
    </_-IWBEP_-I_SBD_NOI>
    <_-IWBEP_-I_SBD_NOI>
     <PROJECT>ZPRICE_MGMT</PROJECT>
     <NODE_UUID>bQaIQJy9H9CG2ghSWx5C1g==</NODE_UUID>
    </_-IWBEP_-I_SBD_NOI>
    <_-IWBEP_-I_SBD_NOI>
     <PROJECT>ZPRICE_MGMT</PROJECT>
     <NODE_UUID>bQaIQJy9H9CG2g3xRtWC3w==</NODE_UUID>
    </_-IWBEP_-I_SBD_NOI>
    <_-IWBEP_-I_SBD_NOI>
     <PROJECT>ZPRICE_MGMT</PROJECT>
     <NODE_UUID>bQaIQJy9H9CG2hoGWK8C/w==</NODE_UUID>
    </_-IWBEP_-I_SBD_NOI>
    <_-IWBEP_-I_SBD_NOI>
     <PROJECT>ZPRICE_MGMT</PROJECT>
     <NODE_UUID>bQaIQJy9H9CG2hoGWK8i/w==</NODE_UUID>
    </_-IWBEP_-I_SBD_NOI>
    <_-IWBEP_-I_SBD_NOI>
     <PROJECT>ZPRICE_MGMT</PROJECT>
     <NODE_UUID>bQaIQJy9H9CG2i25lmIjMQ==</NODE_UUID>
    </_-IWBEP_-I_SBD_NOI>
   </_-IWBEP_-I_SBD_NOI>
   <_-IWBEP_-I_SBD_OP>
    <_-IWBEP_-I_SBD_OP>
     <PROJECT>ZPRICE_MGMT</PROJECT>
     <NODE_UUID>bQaIQJy9H9CGxGUh7d60Zw==</NODE_UUID>
     <PARENT_UUID>bQaIQJy9H9CGxGUh7d6UZw==</PARENT_UUID>
     <NAME>Create</NAME>
     <OPERATION_TYPE>C</OPERATION_TYPE>
     <IMP_METHOD>PRODUCTSET_CREATE_ENTITY</IMP_METHOD>
    </_-IWBEP_-I_SBD_OP>
    <_-IWBEP_-I_SBD_OP>
     <PROJECT>ZPRICE_MGMT</PROJECT>
     <NODE_UUID>bQaIQJy9H9CGxGUh7d7UZw==</NODE_UUID>
     <PARENT_UUID>bQaIQJy9H9CGxGUh7d6UZw==</PARENT_UUID>
     <NAME>GetEntity (Read)</NAME>
     <OPERATION_TYPE>R</OPERATION_TYPE>
     <IMP_METHOD>PRODUCTSET_GET_ENTITY</IMP_METHOD>
    </_-IWBEP_-I_SBD_OP>
    <_-IWBEP_-I_SBD_OP>
     <PROJECT>ZPRICE_MGMT</PROJECT>
     <NODE_UUID>bQaIQJy9H9CGxGUh7d70Zw==</NODE_UUID>
     <PARENT_UUID>bQaIQJy9H9CGxGUh7d6UZw==</PARENT_UUID>
     <NAME>Update</NAME>
     <OPERATION_TYPE>U</OPERATION_TYPE>
     <IMP_METHOD>PRODUCTSET_UPDATE_ENTITY</IMP_METHOD>
    </_-IWBEP_-I_SBD_OP>
    <_-IWBEP_-I_SBD_OP>
     <PROJECT>ZPRICE_MGMT</PROJECT>
     <NODE_UUID>bQaIQJy9H9CGxGUh7d8UZw==</NODE_UUID>
     <PARENT_UUID>bQaIQJy9H9CGxGUh7d6UZw==</PARENT_UUID>
     <NAME>Delete</NAME>
     <OPERATION_TYPE>D</OPERATION_TYPE>
     <IMP_METHOD>PRODUCTSET_DELETE_ENTITY</IMP_METHOD>
    </_-IWBEP_-I_SBD_OP>
    <_-IWBEP_-I_SBD_OP>
     <PROJECT>ZPRICE_MGMT</PROJECT>
     <NODE_UUID>bQaIQJy9H9CGxGUh7d80Zw==</NODE_UUID>
     <PARENT_UUID>bQaIQJy9H9CGxGUh7d6UZw==</PARENT_UUID>
     <NAME>GetEntitySet (Query)</NAME>
     <OPERATION_TYPE>Q</OPERATION_TYPE>
     <IMP_METHOD>PRODUCTSET_GET_ENTITYSET</IMP_METHOD>
    </_-IWBEP_-I_SBD_OP>
    <_-IWBEP_-I_SBD_OP>
     <PROJECT>ZPRICE_MGMT</PROJECT>
     <NODE_UUID>bQaIQJy9H9CGxGxFwws0hw==</NODE_UUID>
     <PARENT_UUID>bQaIQJy9H9CGxGxFwwsUhw==</PARENT_UUID>
     <NAME>Create</NAME>
     <OPERATION_TYPE>C</OPERATION_TYPE>
     <IMP_METHOD>PRICESET_CREATE_ENTITY</IMP_METHOD>
    </_-IWBEP_-I_SBD_OP>
    <_-IWBEP_-I_SBD_OP>
     <PROJECT>ZPRICE_MGMT</PROJECT>
     <NODE_UUID>bQaIQJy9H9CGxGxFwwtUhw==</NODE_UUID>
     <PARENT_UUID>bQaIQJy9H9CGxGxFwwsUhw==</PARENT_UUID>
     <NAME>GetEntity (Read)</NAME>
     <OPERATION_TYPE>R</OPERATION_TYPE>
     <IMP_METHOD>PRICESET_GET_ENTITY</IMP_METHOD>
    </_-IWBEP_-I_SBD_OP>
    <_-IWBEP_-I_SBD_OP>
     <PROJECT>ZPRICE_MGMT</PROJECT>
     <NODE_UUID>bQaIQJy9H9CGxGxFwwt0hw==</NODE_UUID>
     <PARENT_UUID>bQaIQJy9H9CGxGxFwwsUhw==</PARENT_UUID>
     <NAME>Update</NAME>
     <OPERATION_TYPE>U</OPERATION_TYPE>
     <IMP_METHOD>PRICESET_UPDATE_ENTITY</IMP_METHOD>
    </_-IWBEP_-I_SBD_OP>
    <_-IWBEP_-I_SBD_OP>
     <PROJECT>ZPRICE_MGMT</PROJECT>
     <NODE_UUID>bQaIQJy9H9CGxGxFwwuUhw==</NODE_UUID>
     <PARENT_UUID>bQaIQJy9H9CGxGxFwwsUhw==</PARENT_UUID>
     <NAME>Delete</NAME>
     <OPERATION_TYPE>D</OPERATION_TYPE>
     <IMP_METHOD>PRICESET_DELETE_ENTITY</IMP_METHOD>
    </_-IWBEP_-I_SBD_OP>
    <_-IWBEP_-I_SBD_OP>
     <PROJECT>ZPRICE_MGMT</PROJECT>
     <NODE_UUID>bQaIQJy9H9CGxGxFwwu0hw==</NODE_UUID>
     <PARENT_UUID>bQaIQJy9H9CGxGxFwwsUhw==</PARENT_UUID>
     <NAME>GetEntitySet (Query)</NAME>
     <OPERATION_TYPE>Q</OPERATION_TYPE>
     <IMP_METHOD>PRICESET_GET_ENTITYSET</IMP_METHOD>
    </_-IWBEP_-I_SBD_OP>
    <_-IWBEP_-I_SBD_OP>
     <PROJECT>ZPRICE_MGMT</PROJECT>
     <NODE_UUID>bQaIQJy9H9CGxG7pF9n0iw==</NODE_UUID>
     <PARENT_UUID>bQaIQJy9H9CGxG7pF9nUiw==</PARENT_UUID>
     <NAME>Create</NAME>
     <OPERATION_TYPE>C</OPERATION_TYPE>
     <IMP_METHOD>REQUESTSET_CREATE_ENTITY</IMP_METHOD>
    </_-IWBEP_-I_SBD_OP>
    <_-IWBEP_-I_SBD_OP>
     <PROJECT>ZPRICE_MGMT</PROJECT>
     <NODE_UUID>bQaIQJy9H9CGxG7pF9oUiw==</NODE_UUID>
     <PARENT_UUID>bQaIQJy9H9CGxG7pF9nUiw==</PARENT_UUID>
     <NAME>GetEntity (Read)</NAME>
     <OPERATION_TYPE>R</OPERATION_TYPE>
     <IMP_METHOD>REQUESTSET_GET_ENTITY</IMP_METHOD>
    </_-IWBEP_-I_SBD_OP>
    <_-IWBEP_-I_SBD_OP>
     <PROJECT>ZPRICE_MGMT</PROJECT>
     <NODE_UUID>bQaIQJy9H9CGxG7pF9o0iw==</NODE_UUID>
     <PARENT_UUID>bQaIQJy9H9CGxG7pF9nUiw==</PARENT_UUID>
     <NAME>Update</NAME>
     <OPERATION_TYPE>U</OPERATION_TYPE>
     <IMP_METHOD>REQUESTSET_UPDATE_ENTITY</IMP_METHOD>
    </_-IWBEP_-I_SBD_OP>
    <_-IWBEP_-I_SBD_OP>
     <PROJECT>ZPRICE_MGMT</PROJECT>
     <NODE_UUID>bQaIQJy9H9CGxG7pF9pUiw==</NODE_UUID>
     <PARENT_UUID>bQaIQJy9H9CGxG7pF9nUiw==</PARENT_UUID>
     <NAME>Delete</NAME>
     <OPERATION_TYPE>D</OPERATION_TYPE>
     <IMP_METHOD>REQUESTSET_DELETE_ENTITY</IMP_METHOD>
    </_-IWBEP_-I_SBD_OP>
    <_-IWBEP_-I_SBD_OP>
     <PROJECT>ZPRICE_MGMT</PROJECT>
     <NODE_UUID>bQaIQJy9H9CGxG7pF9p0iw==</NODE_UUID>
     <PARENT_UUID>bQaIQJy9H9CGxG7pF9nUiw==</PARENT_UUID>
     <NAME>GetEntitySet (Query)</NAME>
     <OPERATION_TYPE>Q</OPERATION_TYPE>
     <IMP_METHOD>REQUESTSET_GET_ENTITYSET</IMP_METHOD>
    </_-IWBEP_-I_SBD_OP>
   </_-IWBEP_-I_SBD_OP>
   <_-IWBEP_-I_SBD_OPT>
    <_-IWBEP_-I_SBD_OPT>
     <SYLANGU>P</SYLANGU>
     <PROJECT>ZPRICE_MGMT</PROJECT>
     <NODE_UUID>bQaIQJy9H9CGxGUh7d60Zw==</NODE_UUID>
    </_-IWBEP_-I_SBD_OPT>
    <_-IWBEP_-I_SBD_OPT>
     <SYLANGU>P</SYLANGU>
     <PROJECT>ZPRICE_MGMT</PROJECT>
     <NODE_UUID>bQaIQJy9H9CGxGUh7d7UZw==</NODE_UUID>
    </_-IWBEP_-I_SBD_OPT>
    <_-IWBEP_-I_SBD_OPT>
     <SYLANGU>P</SYLANGU>
     <PROJECT>ZPRICE_MGMT</PROJECT>
     <NODE_UUID>bQaIQJy9H9CGxGUh7d70Zw==</NODE_UUID>
    </_-IWBEP_-I_SBD_OPT>
    <_-IWBEP_-I_SBD_OPT>
     <SYLANGU>P</SYLANGU>
     <PROJECT>ZPRICE_MGMT</PROJECT>
     <NODE_UUID>bQaIQJy9H9CGxGUh7d8UZw==</NODE_UUID>
    </_-IWBEP_-I_SBD_OPT>
    <_-IWBEP_-I_SBD_OPT>
     <SYLANGU>P</SYLANGU>
     <PROJECT>ZPRICE_MGMT</PROJECT>
     <NODE_UUID>bQaIQJy9H9CGxGUh7d80Zw==</NODE_UUID>
    </_-IWBEP_-I_SBD_OPT>
    <_-IWBEP_-I_SBD_OPT>
     <SYLANGU>P</SYLANGU>
     <PROJECT>ZPRICE_MGMT</PROJECT>
     <NODE_UUID>bQaIQJy9H9CGxGxFwws0hw==</NODE_UUID>
    </_-IWBEP_-I_SBD_OPT>
    <_-IWBEP_-I_SBD_OPT>
     <SYLANGU>P</SYLANGU>
     <PROJECT>ZPRICE_MGMT</PROJECT>
     <NODE_UUID>bQaIQJy9H9CGxGxFwwtUhw==</NODE_UUID>
    </_-IWBEP_-I_SBD_OPT>
    <_-IWBEP_-I_SBD_OPT>
     <SYLANGU>P</SYLANGU>
     <PROJECT>ZPRICE_MGMT</PROJECT>
     <NODE_UUID>bQaIQJy9H9CGxGxFwwt0hw==</NODE_UUID>
    </_-IWBEP_-I_SBD_OPT>
    <_-IWBEP_-I_SBD_OPT>
     <SYLANGU>P</SYLANGU>
     <PROJECT>ZPRICE_MGMT</PROJECT>
     <NODE_UUID>bQaIQJy9H9CGxGxFwwuUhw==</NODE_UUID>
    </_-IWBEP_-I_SBD_OPT>
    <_-IWBEP_-I_SBD_OPT>
     <SYLANGU>P</SYLANGU>
     <PROJECT>ZPRICE_MGMT</PROJECT>
     <NODE_UUID>bQaIQJy9H9CGxGxFwwu0hw==</NODE_UUID>
    </_-IWBEP_-I_SBD_OPT>
    <_-IWBEP_-I_SBD_OPT>
     <SYLANGU>P</SYLANGU>
     <PROJECT>ZPRICE_MGMT</PROJECT>
     <NODE_UUID>bQaIQJy9H9CGxG7pF9n0iw==</NODE_UUID>
    </_-IWBEP_-I_SBD_OPT>
    <_-IWBEP_-I_SBD_OPT>
     <SYLANGU>P</SYLANGU>
     <PROJECT>ZPRICE_MGMT</PROJECT>
     <NODE_UUID>bQaIQJy9H9CGxG7pF9oUiw==</NODE_UUID>
    </_-IWBEP_-I_SBD_OPT>
    <_-IWBEP_-I_SBD_OPT>
     <SYLANGU>P</SYLANGU>
     <PROJECT>ZPRICE_MGMT</PROJECT>
     <NODE_UUID>bQaIQJy9H9CGxG7pF9o0iw==</NODE_UUID>
    </_-IWBEP_-I_SBD_OPT>
    <_-IWBEP_-I_SBD_OPT>
     <SYLANGU>P</SYLANGU>
     <PROJECT>ZPRICE_MGMT</PROJECT>
     <NODE_UUID>bQaIQJy9H9CGxG7pF9pUiw==</NODE_UUID>
    </_-IWBEP_-I_SBD_OPT>
    <_-IWBEP_-I_SBD_OPT>
     <SYLANGU>P</SYLANGU>
     <PROJECT>ZPRICE_MGMT</PROJECT>
     <NODE_UUID>bQaIQJy9H9CGxG7pF9p0iw==</NODE_UUID>
    </_-IWBEP_-I_SBD_OPT>
   </_-IWBEP_-I_SBD_OPT>
   <_-IWBEP_-I_SBD_PR>
    <_-IWBEP_-I_SBD_PR>
     <PROJECT>ZPRICE_MGMT</PROJECT>
     <NODE_UUID>bQaIQJy9H9CGvpdb3HLIKA==</NODE_UUID>
     <CREATION_USER_ID>RBOQUER</CREATION_USER_ID>
     <CREATION_TIME>20250415122534.63704</CREATION_TIME>
     <LAST_CHG_USER_ID>RBOQUER</LAST_CHG_USER_ID>
     <LAST_CHG_TIME>20250427224728.820585</LAST_CHG_TIME>
     <LAST_CHG_STATE>bQaIQJy9H+CI9zMaW2dH1g==</LAST_CHG_STATE>
     <PLUGIN>/IWBEP/GEN</PLUGIN>
     <STRAT_NAME>0001</STRAT_NAME>
     <STRAT_VERSION>0001</STRAT_VERSION>
     <PROJECT_TYPE>1</PROJECT_TYPE>
    </_-IWBEP_-I_SBD_PR>
   </_-IWBEP_-I_SBD_PR>
   <_-IWBEP_-I_SBD_PRT>
    <_-IWBEP_-I_SBD_PRT>
     <PROJECT>ZPRICE_MGMT</PROJECT>
     <SYLANGU>P</SYLANGU>
    </_-IWBEP_-I_SBD_PRT>
   </_-IWBEP_-I_SBD_PRT>
   <_-IWBEP_-I_SBD_SE>
    <_-IWBEP_-I_SBD_SE>
     <PROJECT>ZPRICE_MGMT</PROJECT>
     <NODE_UUID>bQaIQJy9H9CGxGUh7d6UZw==</NODE_UUID>
     <PARENT_UUID>bQaIQJy9H9CGvpdb3HMIKA==</PARENT_UUID>
     <NAME>ProductSet</NAME>
     <ENTITY_SET_UUID>bQaIQJy9H9CGxGUh7d50Zw==</ENTITY_SET_UUID>
    </_-IWBEP_-I_SBD_SE>
    <_-IWBEP_-I_SBD_SE>
     <PROJECT>ZPRICE_MGMT</PROJECT>
     <NODE_UUID>bQaIQJy9H9CGxGxFwwsUhw==</NODE_UUID>
     <PARENT_UUID>bQaIQJy9H9CGvpdb3HMIKA==</PARENT_UUID>
     <NAME>PriceSet</NAME>
     <ENTITY_SET_UUID>bQaIQJy9H9CGxGxFwwr0hw==</ENTITY_SET_UUID>
    </_-IWBEP_-I_SBD_SE>
    <_-IWBEP_-I_SBD_SE>
     <PROJECT>ZPRICE_MGMT</PROJECT>
     <NODE_UUID>bQaIQJy9H9CGxG7pF9nUiw==</NODE_UUID>
     <PARENT_UUID>bQaIQJy9H9CGvpdb3HMIKA==</PARENT_UUID>
     <NAME>RequestSet</NAME>
     <ENTITY_SET_UUID>bQaIQJy9H9CGxG7pF9m0iw==</ENTITY_SET_UUID>
    </_-IWBEP_-I_SBD_SE>
   </_-IWBEP_-I_SBD_SE>
   <_-IWBEP_-I_SBD_SV>
    <_-IWBEP_-I_SBD_SV>
     <PROJECT>ZPRICE_MGMT</PROJECT>
     <NODE_UUID>bQaIQJy9H9CGvpdb3HMIKA==</NODE_UUID>
     <TECHNICAL_NAME>ZPRICE_MGMT_SRV</TECHNICAL_NAME>
     <VERSION>0001</VERSION>
     <DPC>ZCL_ZPRICE_MGMT_DPC_EXT</DPC>
     <EXTERNAL_NAME>ZPRICE_MGMT_SRV</EXTERNAL_NAME>
    </_-IWBEP_-I_SBD_SV>
   </_-IWBEP_-I_SBD_SV>
   <_-IWBEP_-I_SBO_ASO>
    <_-IWBEP_-I_SBO_ASO>
     <PROJECT>ZPRICE_MGMT</PROJECT>
     <NODE_UUID>bQaIQJy9H9CG2apjeSpCCg==</NODE_UUID>
     <NAME>ProductToPrice</NAME>
     <MODEL_GUID>bQaIQJy9H9CGvpdb3HLoKA==</MODEL_GUID>
     <LEFT_END_GUID>bQaIQJy9H9CGxGUh7d0UZw==</LEFT_END_GUID>
     <RIGHT_END_GUID>bQaIQJy9H9CGxGxFwwoUhw==</RIGHT_END_GUID>
     <LEFT_END_CARD>1</LEFT_END_CARD>
     <RIGHT_END_CARD>N</RIGHT_END_CARD>
     <REF_TYPE>T</REF_TYPE>
     <TXTR_XU>X</TXTR_XU>
     <DESCRIPTION_XU>X</DESCRIPTION_XU>
     <ASSOC_LABEL_XU>X</ASSOC_LABEL_XU>
    </_-IWBEP_-I_SBO_ASO>
    <_-IWBEP_-I_SBO_ASO>
     <PROJECT>ZPRICE_MGMT</PROJECT>
     <NODE_UUID>bQaIQJy9H9CG2bfa7YyCLg==</NODE_UUID>
     <NAME>ProductToRequest</NAME>
     <MODEL_GUID>bQaIQJy9H9CGvpdb3HLoKA==</MODEL_GUID>
     <LEFT_END_GUID>bQaIQJy9H9CGxGUh7d0UZw==</LEFT_END_GUID>
     <RIGHT_END_GUID>bQaIQJy9H9CGxG7pF9hUiw==</RIGHT_END_GUID>
     <LEFT_END_CARD>1</LEFT_END_CARD>
     <RIGHT_END_CARD>M</RIGHT_END_CARD>
     <REF_TYPE>T</REF_TYPE>
     <TXTR_XU>X</TXTR_XU>
     <DESCRIPTION_XU>X</DESCRIPTION_XU>
     <ASSOC_LABEL_XU>X</ASSOC_LABEL_XU>
    </_-IWBEP_-I_SBO_ASO>
    <_-IWBEP_-I_SBO_ASO>
     <PROJECT>ZPRICE_MGMT</PROJECT>
     <NODE_UUID>bQaIQJy9H9CG2ghSWx5C1g==</NODE_UUID>
     <NAME>RequestToProduct</NAME>
     <MODEL_GUID>bQaIQJy9H9CGvpdb3HLoKA==</MODEL_GUID>
     <LEFT_END_GUID>bQaIQJy9H9CGxG7pF9hUiw==</LEFT_END_GUID>
     <RIGHT_END_GUID>bQaIQJy9H9CGxGUh7d0UZw==</RIGHT_END_GUID>
     <LEFT_END_CARD>1</LEFT_END_CARD>
     <RIGHT_END_CARD>1</RIGHT_END_CARD>
     <REF_TYPE>T</REF_TYPE>
     <DESCRIPTION_XU>X</DESCRIPTION_XU>
    </_-IWBEP_-I_SBO_ASO>
    <_-IWBEP_-I_SBO_ASO>
     <PROJECT>ZPRICE_MGMT</PROJECT>
     <NODE_UUID>bQaIQJy9H9CG2hoGWK8C/w==</NODE_UUID>
     <NAME>RequestToPrice</NAME>
     <MODEL_GUID>bQaIQJy9H9CGvpdb3HLoKA==</MODEL_GUID>
     <LEFT_END_GUID>bQaIQJy9H9CGxG7pF9hUiw==</LEFT_END_GUID>
     <RIGHT_END_GUID>bQaIQJy9H9CGxGxFwwoUhw==</RIGHT_END_GUID>
     <LEFT_END_CARD>1</LEFT_END_CARD>
     <RIGHT_END_CARD>1</RIGHT_END_CARD>
     <REF_TYPE>T</REF_TYPE>
     <TXTR_XU>X</TXTR_XU>
     <DESCRIPTION_XU>X</DESCRIPTION_XU>
     <ASSOC_LABEL_XU>X</ASSOC_LABEL_XU>
    </_-IWBEP_-I_SBO_ASO>
   </_-IWBEP_-I_SBO_ASO>
   <_-IWBEP_-I_SBO_AST>
    <_-IWBEP_-I_SBO_AST>
     <SYLANGU>P</SYLANGU>
     <PROJECT>ZPRICE_MGMT</PROJECT>
     <NODE_UUID>bQaIQJy9H9CG2ghSWx5C1g==</NODE_UUID>
    </_-IWBEP_-I_SBO_AST>
   </_-IWBEP_-I_SBO_AST>
   <_-IWBEP_-I_SBO_ES>
    <_-IWBEP_-I_SBO_ES>
     <PROJECT>ZPRICE_MGMT</PROJECT>
     <NODE_UUID>bQaIQJy9H9CGxGUh7d50Zw==</NODE_UUID>
     <MODEL>bQaIQJy9H9CGvpdb3HLoKA==</MODEL>
     <NAME>ProductSet</NAME>
     <ENTITY_TYPE>bQaIQJy9H9CGxGUh7d0UZw==</ENTITY_TYPE>
     <CREATABLE>X</CREATABLE>
     <UPDATABLE>X</UPDATABLE>
     <DELETABLE>X</DELETABLE>
     <ADDRESSABLE>X</ADDRESSABLE>
     <REF_TYPE>T</REF_TYPE>
     <TECH_NAME>PRODUCTSET</TECH_NAME>
     <DESCRIPTION_XU>X</DESCRIPTION_XU>
     <IN_SERV_DOCU>X</IN_SERV_DOCU>
    </_-IWBEP_-I_SBO_ES>
    <_-IWBEP_-I_SBO_ES>
     <PROJECT>ZPRICE_MGMT</PROJECT>
     <NODE_UUID>bQaIQJy9H9CGxGxFwwr0hw==</NODE_UUID>
     <MODEL>bQaIQJy9H9CGvpdb3HLoKA==</MODEL>
     <NAME>PriceSet</NAME>
     <ENTITY_TYPE>bQaIQJy9H9CGxGxFwwoUhw==</ENTITY_TYPE>
     <CREATABLE>X</CREATABLE>
     <UPDATABLE>X</UPDATABLE>
     <DELETABLE>X</DELETABLE>
     <ADDRESSABLE>X</ADDRESSABLE>
     <REF_TYPE>T</REF_TYPE>
     <TECH_NAME>PRICESET</TECH_NAME>
     <DESCRIPTION_XU>X</DESCRIPTION_XU>
     <IN_SERV_DOCU>X</IN_SERV_DOCU>
    </_-IWBEP_-I_SBO_ES>
    <_-IWBEP_-I_SBO_ES>
     <PROJECT>ZPRICE_MGMT</PROJECT>
     <NODE_UUID>bQaIQJy9H9CGxG7pF9m0iw==</NODE_UUID>
     <MODEL>bQaIQJy9H9CGvpdb3HLoKA==</MODEL>
     <NAME>RequestSet</NAME>
     <ENTITY_TYPE>bQaIQJy9H9CGxG7pF9hUiw==</ENTITY_TYPE>
     <CREATABLE>X</CREATABLE>
     <UPDATABLE>X</UPDATABLE>
     <DELETABLE>X</DELETABLE>
     <ADDRESSABLE>X</ADDRESSABLE>
     <REF_TYPE>T</REF_TYPE>
     <TECH_NAME>REQUESTSET</TECH_NAME>
     <DESCRIPTION_XU>X</DESCRIPTION_XU>
     <IN_SERV_DOCU>X</IN_SERV_DOCU>
    </_-IWBEP_-I_SBO_ES>
   </_-IWBEP_-I_SBO_ES>
   <_-IWBEP_-I_SBO_ET>
    <_-IWBEP_-I_SBO_ET>
     <PROJECT>ZPRICE_MGMT</PROJECT>
     <NODE_UUID>bQaIQJy9H9CGxGUh7d0UZw==</NODE_UUID>
     <NAME>Product</NAME>
     <MODEL>bQaIQJy9H9CGvpdb3HLoKA==</MODEL>
     <REF_TYPE>T</REF_TYPE>
     <ABAP_STRUCT>ZTB_PRODUCT</ABAP_STRUCT>
     <TECH_NAME>PRODUCT</TECH_NAME>
     <BASE_TYPE_XU>X</BASE_TYPE_XU>
     <FC_TARGET_PATHXU>X</FC_TARGET_PATHXU>
     <TXTR_XU>X</TXTR_XU>
     <DESCRIPTION_XU>X</DESCRIPTION_XU>
     <ET_LABEL_XU>X</ET_LABEL_XU>
    </_-IWBEP_-I_SBO_ET>
    <_-IWBEP_-I_SBO_ET>
     <PROJECT>ZPRICE_MGMT</PROJECT>
     <NODE_UUID>bQaIQJy9H9CGxGxFwwoUhw==</NODE_UUID>
     <NAME>Price</NAME>
     <MODEL>bQaIQJy9H9CGvpdb3HLoKA==</MODEL>
     <REF_TYPE>T</REF_TYPE>
     <ABAP_STRUCT>ZTB_PRICE</ABAP_STRUCT>
     <TECH_NAME>PRICE</TECH_NAME>
     <BASE_TYPE_XU>X</BASE_TYPE_XU>
     <FC_TARGET_PATHXU>X</FC_TARGET_PATHXU>
     <TXTR_XU>X</TXTR_XU>
     <DESCRIPTION_XU>X</DESCRIPTION_XU>
     <ET_LABEL_XU>X</ET_LABEL_XU>
    </_-IWBEP_-I_SBO_ET>
    <_-IWBEP_-I_SBO_ET>
     <PROJECT>ZPRICE_MGMT</PROJECT>
     <NODE_UUID>bQaIQJy9H9CGxG7pF9hUiw==</NODE_UUID>
     <NAME>Request</NAME>
     <MODEL>bQaIQJy9H9CGvpdb3HLoKA==</MODEL>
     <REF_TYPE>T</REF_TYPE>
     <ABAP_STRUCT>ZTB_REQUEST</ABAP_STRUCT>
     <TECH_NAME>REQUEST</TECH_NAME>
     <BASE_TYPE_XU>X</BASE_TYPE_XU>
     <FC_TARGET_PATHXU>X</FC_TARGET_PATHXU>
     <TXTR_XU>X</TXTR_XU>
     <DESCRIPTION_XU>X</DESCRIPTION_XU>
     <ET_LABEL_XU>X</ET_LABEL_XU>
    </_-IWBEP_-I_SBO_ET>
   </_-IWBEP_-I_SBO_ET>
   <_-IWBEP_-I_SBO_NP>
    <_-IWBEP_-I_SBO_NP>
     <PROJECT>ZPRICE_MGMT</PROJECT>
     <NODE_UUID>bQaIQJy9H9CG2apjeSpiCg==</NODE_UUID>
     <NAME>toPrice</NAME>
     <RELATION_GUID>bQaIQJy9H9CG2apjeSpCCg==</RELATION_GUID>
     <ENTITY_GUID>bQaIQJy9H9CGxGUh7d0UZw==</ENTITY_GUID>
     <REF_TYPE>T</REF_TYPE>
     <TECH_NAME>TOPRICE</TECH_NAME>
     <FROM_ROLE_XU>X</FROM_ROLE_XU>
     <TO_ROLE_XU>X</TO_ROLE_XU>
     <DESCRIPTION_XU>X</DESCRIPTION_XU>
    </_-IWBEP_-I_SBO_NP>
    <_-IWBEP_-I_SBO_NP>
     <PROJECT>ZPRICE_MGMT</PROJECT>
     <NODE_UUID>bQaIQJy9H9CG2g3xRtWC3w==</NODE_UUID>
     <NAME>toProduct</NAME>
     <RELATION_GUID>bQaIQJy9H9CG2ghSWx5C1g==</RELATION_GUID>
     <ENTITY_GUID>bQaIQJy9H9CGxG7pF9hUiw==</ENTITY_GUID>
     <REF_TYPE>T</REF_TYPE>
     <TECH_NAME>TOPRODUCT</TECH_NAME>
     <FROM_ROLE_XU>X</FROM_ROLE_XU>
     <TO_ROLE_XU>X</TO_ROLE_XU>
     <TXTR_XU>X</TXTR_XU>
     <DESCRIPTION_XU>X</DESCRIPTION_XU>
     <NAVP_LABEL_XU>X</NAVP_LABEL_XU>
    </_-IWBEP_-I_SBO_NP>
    <_-IWBEP_-I_SBO_NP>
     <PROJECT>ZPRICE_MGMT</PROJECT>
     <NODE_UUID>bQaIQJy9H9CG2hoGWK8i/w==</NODE_UUID>
     <NAME>toPrice</NAME>
     <RELATION_GUID>bQaIQJy9H9CG2hoGWK8C/w==</RELATION_GUID>
     <ENTITY_GUID>bQaIQJy9H9CGxG7pF9hUiw==</ENTITY_GUID>
     <REF_TYPE>T</REF_TYPE>
     <TECH_NAME>TOPRICE</TECH_NAME>
     <FROM_ROLE_XU>X</FROM_ROLE_XU>
     <TO_ROLE_XU>X</TO_ROLE_XU>
     <TXTR_XU>X</TXTR_XU>
     <DESCRIPTION_XU>X</DESCRIPTION_XU>
     <NAVP_LABEL_XU>X</NAVP_LABEL_XU>
    </_-IWBEP_-I_SBO_NP>
    <_-IWBEP_-I_SBO_NP>
     <PROJECT>ZPRICE_MGMT</PROJECT>
     <NODE_UUID>bQaIQJy9H9CG2i25lmIjMQ==</NODE_UUID>
     <NAME>toRequest</NAME>
     <RELATION_GUID>bQaIQJy9H9CG2bfa7YyCLg==</RELATION_GUID>
     <ENTITY_GUID>bQaIQJy9H9CGxGUh7d0UZw==</ENTITY_GUID>
     <REF_TYPE>T</REF_TYPE>
     <TECH_NAME>TOREQUEST</TECH_NAME>
     <FROM_ROLE_XU>X</FROM_ROLE_XU>
     <TO_ROLE_XU>X</TO_ROLE_XU>
     <DESCRIPTION_XU>X</DESCRIPTION_XU>
    </_-IWBEP_-I_SBO_NP>
   </_-IWBEP_-I_SBO_NP>
   <_-IWBEP_-I_SBO_PR>
    <_-IWBEP_-I_SBO_PR>
     <PROJECT>ZPRICE_MGMT</PROJECT>
     <NODE_UUID>bQaIQJy9H9CGxGUh7d00Zw==</NODE_UUID>
     <PARENT_UUID>bQaIQJy9H9CGxGUh7d0UZw==</PARENT_UUID>
     <NAME>Id</NAME>
     <IS_KEY>X</IS_KEY>
     <CREATABLE>X</CREATABLE>
     <MAX_LENGTH>10</MAX_LENGTH>
     <EDM_CORE_TYPE>Edm.String</EDM_CORE_TYPE>
     <REF_TYPE>T</REF_TYPE>
     <ABAP_FIELD>ID</ABAP_FIELD>
     <ABTY_XU>X</ABTY_XU>
     <SORT_ORDER>1</SORT_ORDER>
     <DESCRIPTION_XU>X</DESCRIPTION_XU>
    </_-IWBEP_-I_SBO_PR>
    <_-IWBEP_-I_SBO_PR>
     <PROJECT>ZPRICE_MGMT</PROJECT>
     <NODE_UUID>bQaIQJy9H9CGxGUh7d1UZw==</NODE_UUID>
     <PARENT_UUID>bQaIQJy9H9CGxGUh7d0UZw==</PARENT_UUID>
     <NAME>ExternalCode</NAME>
     <CREATABLE>X</CREATABLE>
     <MAX_LENGTH>20</MAX_LENGTH>
     <EDM_CORE_TYPE>Edm.String</EDM_CORE_TYPE>
     <UPDATABLE>X</UPDATABLE>
     <REF_TYPE>T</REF_TYPE>
     <ABAP_FIELD>EXTERNAL_CODE</ABAP_FIELD>
     <ABTY_XU>X</ABTY_XU>
     <SORT_ORDER>2</SORT_ORDER>
     <DESCRIPTION_XU>X</DESCRIPTION_XU>
    </_-IWBEP_-I_SBO_PR>
    <_-IWBEP_-I_SBO_PR>
     <PROJECT>ZPRICE_MGMT</PROJECT>
     <NODE_UUID>bQaIQJy9H9CGxGUh7d10Zw==</NODE_UUID>
     <PARENT_UUID>bQaIQJy9H9CGxGUh7d0UZw==</PARENT_UUID>
     <NAME>Name</NAME>
     <CREATABLE>X</CREATABLE>
     <MAX_LENGTH>100</MAX_LENGTH>
     <EDM_CORE_TYPE>Edm.String</EDM_CORE_TYPE>
     <UPDATABLE>X</UPDATABLE>
     <IS_NULLABLE>X</IS_NULLABLE>
     <REF_TYPE>T</REF_TYPE>
     <ABAP_FIELD>NAME</ABAP_FIELD>
     <ABTY_XU>X</ABTY_XU>
     <SORT_ORDER>3</SORT_ORDER>
     <DESCRIPTION_XU>X</DESCRIPTION_XU>
    </_-IWBEP_-I_SBO_PR>
    <_-IWBEP_-I_SBO_PR>
     <PROJECT>ZPRICE_MGMT</PROJECT>
     <NODE_UUID>bQaIQJy9H9CGxGUh7d2UZw==</NODE_UUID>
     <PARENT_UUID>bQaIQJy9H9CGxGUh7d0UZw==</PARENT_UUID>
     <NAME>Barcode</NAME>
     <CREATABLE>X</CREATABLE>
     <MAX_LENGTH>20</MAX_LENGTH>
     <EDM_CORE_TYPE>Edm.String</EDM_CORE_TYPE>
     <UPDATABLE>X</UPDATABLE>
     <IS_NULLABLE>X</IS_NULLABLE>
     <REF_TYPE>T</REF_TYPE>
     <ABAP_FIELD>BARCODE</ABAP_FIELD>
     <ABTY_XU>X</ABTY_XU>
     <SORT_ORDER>4</SORT_ORDER>
     <DESCRIPTION_XU>X</DESCRIPTION_XU>
    </_-IWBEP_-I_SBO_PR>
    <_-IWBEP_-I_SBO_PR>
     <PROJECT>ZPRICE_MGMT</PROJECT>
     <NODE_UUID>bQaIQJy9H9CGxGUh7d20Zw==</NODE_UUID>
     <PARENT_UUID>bQaIQJy9H9CGxGUh7d0UZw==</PARENT_UUID>
     <NAME>CategoryId</NAME>
     <CREATABLE>X</CREATABLE>
     <MAX_LENGTH>5</MAX_LENGTH>
     <EDM_CORE_TYPE>Edm.String</EDM_CORE_TYPE>
     <UPDATABLE>X</UPDATABLE>
     <IS_NULLABLE>X</IS_NULLABLE>
     <REF_TYPE>T</REF_TYPE>
     <ABAP_FIELD>CATEGORY_ID</ABAP_FIELD>
     <ABTY_XU>X</ABTY_XU>
     <SORT_ORDER>5</SORT_ORDER>
     <DESCRIPTION_XU>X</DESCRIPTION_XU>
    </_-IWBEP_-I_SBO_PR>
    <_-IWBEP_-I_SBO_PR>
     <PROJECT>ZPRICE_MGMT</PROJECT>
     <NODE_UUID>bQaIQJy9H9CGxGUh7d3UZw==</NODE_UUID>
     <PARENT_UUID>bQaIQJy9H9CGxGUh7d0UZw==</PARENT_UUID>
     <NAME>SupplierId</NAME>
     <CREATABLE>X</CREATABLE>
     <MAX_LENGTH>5</MAX_LENGTH>
     <EDM_CORE_TYPE>Edm.String</EDM_CORE_TYPE>
     <UPDATABLE>X</UPDATABLE>
     <IS_NULLABLE>X</IS_NULLABLE>
     <REF_TYPE>T</REF_TYPE>
     <ABAP_FIELD>SUPPLIER_ID</ABAP_FIELD>
     <ABTY_XU>X</ABTY_XU>
     <SORT_ORDER>6</SORT_ORDER>
     <DESCRIPTION_XU>X</DESCRIPTION_XU>
    </_-IWBEP_-I_SBO_PR>
    <_-IWBEP_-I_SBO_PR>
     <PROJECT>ZPRICE_MGMT</PROJECT>
     <NODE_UUID>bQaIQJy9H9CGxGUh7d30Zw==</NODE_UUID>
     <PARENT_UUID>bQaIQJy9H9CGxGUh7d0UZw==</PARENT_UUID>
     <NAME>QuantityUnit</NAME>
     <CREATABLE>X</CREATABLE>
     <MAX_LENGTH>40</MAX_LENGTH>
     <EDM_CORE_TYPE>Edm.String</EDM_CORE_TYPE>
     <UPDATABLE>X</UPDATABLE>
     <IS_NULLABLE>X</IS_NULLABLE>
     <REF_TYPE>T</REF_TYPE>
     <ABAP_FIELD>QUANTITY_UNIT</ABAP_FIELD>
     <ABTY_XU>X</ABTY_XU>
     <SORT_ORDER>7</SORT_ORDER>
     <DESCRIPTION_XU>X</DESCRIPTION_XU>
    </_-IWBEP_-I_SBO_PR>
    <_-IWBEP_-I_SBO_PR>
     <PROJECT>ZPRICE_MGMT</PROJECT>
     <NODE_UUID>bQaIQJy9H9CGxGUh7d4UZw==</NODE_UUID>
     <PARENT_UUID>bQaIQJy9H9CGxGUh7d0UZw==</PARENT_UUID>
     <NAME>Uom</NAME>
     <CREATABLE>X</CREATABLE>
     <MAX_LENGTH>3</MAX_LENGTH>
     <EDM_CORE_TYPE>Edm.String</EDM_CORE_TYPE>
     <UPDATABLE>X</UPDATABLE>
     <IS_NULLABLE>X</IS_NULLABLE>
     <REF_TYPE>T</REF_TYPE>
     <ABAP_FIELD>UOM</ABAP_FIELD>
     <ABTY_XU>X</ABTY_XU>
     <SORT_ORDER>8</SORT_ORDER>
     <DESCRIPTION_XU>X</DESCRIPTION_XU>
    </_-IWBEP_-I_SBO_PR>
    <_-IWBEP_-I_SBO_PR>
     <PROJECT>ZPRICE_MGMT</PROJECT>
     <NODE_UUID>bQaIQJy9H9CGxGUh7d40Zw==</NODE_UUID>
     <PARENT_UUID>bQaIQJy9H9CGxGUh7d0UZw==</PARENT_UUID>
     <NAME>Weight</NAME>
     <CREATABLE>X</CREATABLE>
     <PROP_PRECISION>13</PROP_PRECISION>
     <SCALE>3</SCALE>
     <EDM_CORE_TYPE>Edm.Decimal</EDM_CORE_TYPE>
     <UPDATABLE>X</UPDATABLE>
     <IS_NULLABLE>X</IS_NULLABLE>
     <REF_TYPE>T</REF_TYPE>
     <ABAP_FIELD>WEIGHT</ABAP_FIELD>
     <ABTY_XU>X</ABTY_XU>
     <SORT_ORDER>9</SORT_ORDER>
     <DESCRIPTION_XU>X</DESCRIPTION_XU>
    </_-IWBEP_-I_SBO_PR>
    <_-IWBEP_-I_SBO_PR>
     <PROJECT>ZPRICE_MGMT</PROJECT>
     <NODE_UUID>bQaIQJy9H9CGxGUh7d5UZw==</NODE_UUID>
     <PARENT_UUID>bQaIQJy9H9CGxGUh7d0UZw==</PARENT_UUID>
     <NAME>Discontinued</NAME>
     <CREATABLE>X</CREATABLE>
     <MAX_LENGTH>1</MAX_LENGTH>
     <EDM_CORE_TYPE>Edm.String</EDM_CORE_TYPE>
     <UPDATABLE>X</UPDATABLE>
     <IS_NULLABLE>X</IS_NULLABLE>
     <REF_TYPE>T</REF_TYPE>
     <ABAP_FIELD>DISCONTINUED</ABAP_FIELD>
     <ABTY_XU>X</ABTY_XU>
     <SORT_ORDER>10</SORT_ORDER>
     <DESCRIPTION_XU>X</DESCRIPTION_XU>
    </_-IWBEP_-I_SBO_PR>
    <_-IWBEP_-I_SBO_PR>
     <PROJECT>ZPRICE_MGMT</PROJECT>
     <NODE_UUID>bQaIQJy9H9CGxGxFwwo0hw==</NODE_UUID>
     <PARENT_UUID>bQaIQJy9H9CGxGxFwwoUhw==</PARENT_UUID>
     <NAME>Id</NAME>
     <IS_KEY>X</IS_KEY>
     <CREATABLE>X</CREATABLE>
     <MAX_LENGTH>10</MAX_LENGTH>
     <EDM_CORE_TYPE>Edm.String</EDM_CORE_TYPE>
     <REF_TYPE>T</REF_TYPE>
     <ABAP_FIELD>ID</ABAP_FIELD>
     <ABTY_XU>X</ABTY_XU>
     <SORT_ORDER>1</SORT_ORDER>
     <DESCRIPTION_XU>X</DESCRIPTION_XU>
    </_-IWBEP_-I_SBO_PR>
    <_-IWBEP_-I_SBO_PR>
     <PROJECT>ZPRICE_MGMT</PROJECT>
     <NODE_UUID>bQaIQJy9H9CGxGxFwwpUhw==</NODE_UUID>
     <PARENT_UUID>bQaIQJy9H9CGxGxFwwoUhw==</PARENT_UUID>
     <NAME>ProductId</NAME>
     <CREATABLE>X</CREATABLE>
     <MAX_LENGTH>10</MAX_LENGTH>
     <EDM_CORE_TYPE>Edm.String</EDM_CORE_TYPE>
     <UPDATABLE>X</UPDATABLE>
     <REF_TYPE>T</REF_TYPE>
     <ABAP_FIELD>PRODUCT_ID</ABAP_FIELD>
     <ABTY_XU>X</ABTY_XU>
     <SORT_ORDER>2</SORT_ORDER>
     <DESCRIPTION_XU>X</DESCRIPTION_XU>
    </_-IWBEP_-I_SBO_PR>
    <_-IWBEP_-I_SBO_PR>
     <PROJECT>ZPRICE_MGMT</PROJECT>
     <NODE_UUID>bQaIQJy9H9CGxGxFwwp0hw==</NODE_UUID>
     <PARENT_UUID>bQaIQJy9H9CGxGxFwwoUhw==</PARENT_UUID>
     <NAME>Value</NAME>
     <CREATABLE>X</CREATABLE>
     <PROP_PRECISION>10</PROP_PRECISION>
     <SCALE>2</SCALE>
     <EDM_CORE_TYPE>Edm.Decimal</EDM_CORE_TYPE>
     <UPDATABLE>X</UPDATABLE>
     <IS_NULLABLE>X</IS_NULLABLE>
     <REF_TYPE>T</REF_TYPE>
     <ABAP_FIELD>VALUE</ABAP_FIELD>
     <ABTY_XU>X</ABTY_XU>
     <SORT_ORDER>3</SORT_ORDER>
     <DESCRIPTION_XU>X</DESCRIPTION_XU>
    </_-IWBEP_-I_SBO_PR>
    <_-IWBEP_-I_SBO_PR>
     <PROJECT>ZPRICE_MGMT</PROJECT>
     <NODE_UUID>bQaIQJy9H9CGxGxFwwqUhw==</NODE_UUID>
     <PARENT_UUID>bQaIQJy9H9CGxGxFwwoUhw==</PARENT_UUID>
     <NAME>Currency</NAME>
     <CREATABLE>X</CREATABLE>
     <MAX_LENGTH>5</MAX_LENGTH>
     <EDM_CORE_TYPE>Edm.String</EDM_CORE_TYPE>
     <UPDATABLE>X</UPDATABLE>
     <IS_NULLABLE>X</IS_NULLABLE>
     <REF_TYPE>T</REF_TYPE>
     <ABAP_FIELD>CURRENCY</ABAP_FIELD>
     <ABTY_XU>X</ABTY_XU>
     <SORT_ORDER>4</SORT_ORDER>
     <DESCRIPTION_XU>X</DESCRIPTION_XU>
    </_-IWBEP_-I_SBO_PR>
    <_-IWBEP_-I_SBO_PR>
     <PROJECT>ZPRICE_MGMT</PROJECT>
     <NODE_UUID>bQaIQJy9H9CGxGxFwwq0hw==</NODE_UUID>
     <PARENT_UUID>bQaIQJy9H9CGxGxFwwoUhw==</PARENT_UUID>
     <NAME>ValidFrom</NAME>
     <CREATABLE>X</CREATABLE>
     <PROP_PRECISION>7</PROP_PRECISION>
     <EDM_CORE_TYPE>Edm.DateTime</EDM_CORE_TYPE>
     <UPDATABLE>X</UPDATABLE>
     <IS_NULLABLE>X</IS_NULLABLE>
     <REF_TYPE>T</REF_TYPE>
     <ABAP_FIELD>VALID_FROM</ABAP_FIELD>
     <ABTY_XU>X</ABTY_XU>
     <SORT_ORDER>5</SORT_ORDER>
     <DESCRIPTION_XU>X</DESCRIPTION_XU>
    </_-IWBEP_-I_SBO_PR>
    <_-IWBEP_-I_SBO_PR>
     <PROJECT>ZPRICE_MGMT</PROJECT>
     <NODE_UUID>bQaIQJy9H9CGxGxFwwrUhw==</NODE_UUID>
     <PARENT_UUID>bQaIQJy9H9CGxGxFwwoUhw==</PARENT_UUID>
     <NAME>ValidTo</NAME>
     <CREATABLE>X</CREATABLE>
     <PROP_PRECISION>7</PROP_PRECISION>
     <EDM_CORE_TYPE>Edm.DateTime</EDM_CORE_TYPE>
     <UPDATABLE>X</UPDATABLE>
     <IS_NULLABLE>X</IS_NULLABLE>
     <REF_TYPE>T</REF_TYPE>
     <ABAP_FIELD>VALID_TO</ABAP_FIELD>
     <ABTY_XU>X</ABTY_XU>
     <SORT_ORDER>6</SORT_ORDER>
     <DESCRIPTION_XU>X</DESCRIPTION_XU>
    </_-IWBEP_-I_SBO_PR>
    <_-IWBEP_-I_SBO_PR>
     <PROJECT>ZPRICE_MGMT</PROJECT>
     <NODE_UUID>bQaIQJy9H9CGxG7pF9h0iw==</NODE_UUID>
     <PARENT_UUID>bQaIQJy9H9CGxG7pF9hUiw==</PARENT_UUID>
     <NAME>Id</NAME>
     <IS_KEY>X</IS_KEY>
     <CREATABLE>X</CREATABLE>
     <MAX_LENGTH>10</MAX_LENGTH>
     <EDM_CORE_TYPE>Edm.String</EDM_CORE_TYPE>
     <REF_TYPE>T</REF_TYPE>
     <ABAP_FIELD>ID</ABAP_FIELD>
     <ABTY_XU>X</ABTY_XU>
     <SORT_ORDER>1</SORT_ORDER>
     <DESCRIPTION_XU>X</DESCRIPTION_XU>
    </_-IWBEP_-I_SBO_PR>
    <_-IWBEP_-I_SBO_PR>
     <PROJECT>ZPRICE_MGMT</PROJECT>
     <NODE_UUID>bQaIQJy9H9CGxG7pF9iUiw==</NODE_UUID>
     <PARENT_UUID>bQaIQJy9H9CGxG7pF9hUiw==</PARENT_UUID>
     <NAME>ProductId</NAME>
     <CREATABLE>X</CREATABLE>
     <MAX_LENGTH>10</MAX_LENGTH>
     <EDM_CORE_TYPE>Edm.String</EDM_CORE_TYPE>
     <UPDATABLE>X</UPDATABLE>
     <REF_TYPE>T</REF_TYPE>
     <ABAP_FIELD>PRODUCT_ID</ABAP_FIELD>
     <ABTY_XU>X</ABTY_XU>
     <SORT_ORDER>2</SORT_ORDER>
     <DESCRIPTION_XU>X</DESCRIPTION_XU>
    </_-IWBEP_-I_SBO_PR>
    <_-IWBEP_-I_SBO_PR>
     <PROJECT>ZPRICE_MGMT</PROJECT>
     <NODE_UUID>bQaIQJy9H9CGxG7pF9i0iw==</NODE_UUID>
     <PARENT_UUID>bQaIQJy9H9CGxG7pF9hUiw==</PARENT_UUID>
     <NAME>RequestDate</NAME>
     <CREATABLE>X</CREATABLE>
     <PROP_PRECISION>7</PROP_PRECISION>
     <EDM_CORE_TYPE>Edm.DateTime</EDM_CORE_TYPE>
     <UPDATABLE>X</UPDATABLE>
     <IS_NULLABLE>X</IS_NULLABLE>
     <REF_TYPE>T</REF_TYPE>
     <ABAP_FIELD>REQUEST_DATE</ABAP_FIELD>
     <ABTY_XU>X</ABTY_XU>
     <SORT_ORDER>3</SORT_ORDER>
     <DESCRIPTION_XU>X</DESCRIPTION_XU>
    </_-IWBEP_-I_SBO_PR>
    <_-IWBEP_-I_SBO_PR>
     <PROJECT>ZPRICE_MGMT</PROJECT>
     <NODE_UUID>bQaIQJy9H9CGxG7pF9jUiw==</NODE_UUID>
     <PARENT_UUID>bQaIQJy9H9CGxG7pF9hUiw==</PARENT_UUID>
     <NAME>RequestTime</NAME>
     <CREATABLE>X</CREATABLE>
     <EDM_CORE_TYPE>Edm.Time</EDM_CORE_TYPE>
     <UPDATABLE>X</UPDATABLE>
     <IS_NULLABLE>X</IS_NULLABLE>
     <REF_TYPE>T</REF_TYPE>
     <ABAP_FIELD>REQUEST_TIME</ABAP_FIELD>
     <ABTY_XU>X</ABTY_XU>
     <SORT_ORDER>4</SORT_ORDER>
     <DESCRIPTION_XU>X</DESCRIPTION_XU>
    </_-IWBEP_-I_SBO_PR>
    <_-IWBEP_-I_SBO_PR>
     <PROJECT>ZPRICE_MGMT</PROJECT>
     <NODE_UUID>bQaIQJy9H9CGxG7pF9j0iw==</NODE_UUID>
     <PARENT_UUID>bQaIQJy9H9CGxG7pF9hUiw==</PARENT_UUID>
     <NAME>NewPrice</NAME>
     <CREATABLE>X</CREATABLE>
     <PROP_PRECISION>10</PROP_PRECISION>
     <SCALE>2</SCALE>
     <EDM_CORE_TYPE>Edm.Decimal</EDM_CORE_TYPE>
     <UPDATABLE>X</UPDATABLE>
     <IS_NULLABLE>X</IS_NULLABLE>
     <REF_TYPE>T</REF_TYPE>
     <ABAP_FIELD>NEW_PRICE</ABAP_FIELD>
     <ABTY_XU>X</ABTY_XU>
     <SORT_ORDER>5</SORT_ORDER>
     <DESCRIPTION_XU>X</DESCRIPTION_XU>
    </_-IWBEP_-I_SBO_PR>
    <_-IWBEP_-I_SBO_PR>
     <PROJECT>ZPRICE_MGMT</PROJECT>
     <NODE_UUID>bQaIQJy9H9CGxG7pF9kUiw==</NODE_UUID>
     <PARENT_UUID>bQaIQJy9H9CGxG7pF9hUiw==</PARENT_UUID>
     <NAME>Currency</NAME>
     <CREATABLE>X</CREATABLE>
     <MAX_LENGTH>5</MAX_LENGTH>
     <EDM_CORE_TYPE>Edm.String</EDM_CORE_TYPE>
     <UPDATABLE>X</UPDATABLE>
     <IS_NULLABLE>X</IS_NULLABLE>
     <REF_TYPE>T</REF_TYPE>
     <ABAP_FIELD>CURRENCY</ABAP_FIELD>
     <ABTY_XU>X</ABTY_XU>
     <SORT_ORDER>6</SORT_ORDER>
     <DESCRIPTION_XU>X</DESCRIPTION_XU>
    </_-IWBEP_-I_SBO_PR>
    <_-IWBEP_-I_SBO_PR>
     <PROJECT>ZPRICE_MGMT</PROJECT>
     <NODE_UUID>bQaIQJy9H9CGxG7pF9k0iw==</NODE_UUID>
     <PARENT_UUID>bQaIQJy9H9CGxG7pF9hUiw==</PARENT_UUID>
     <NAME>Status</NAME>
     <CREATABLE>X</CREATABLE>
     <MAX_LENGTH>1</MAX_LENGTH>
     <EDM_CORE_TYPE>Edm.String</EDM_CORE_TYPE>
     <UPDATABLE>X</UPDATABLE>
     <IS_NULLABLE>X</IS_NULLABLE>
     <REF_TYPE>T</REF_TYPE>
     <ABAP_FIELD>STATUS</ABAP_FIELD>
     <ABTY_XU>X</ABTY_XU>
     <SORT_ORDER>7</SORT_ORDER>
     <DESCRIPTION_XU>X</DESCRIPTION_XU>
    </_-IWBEP_-I_SBO_PR>
    <_-IWBEP_-I_SBO_PR>
     <PROJECT>ZPRICE_MGMT</PROJECT>
     <NODE_UUID>bQaIQJy9H9CGxG7pF9lUiw==</NODE_UUID>
     <PARENT_UUID>bQaIQJy9H9CGxG7pF9hUiw==</PARENT_UUID>
     <NAME>ApprovalDate</NAME>
     <CREATABLE>X</CREATABLE>
     <PROP_PRECISION>7</PROP_PRECISION>
     <EDM_CORE_TYPE>Edm.DateTime</EDM_CORE_TYPE>
     <UPDATABLE>X</UPDATABLE>
     <IS_NULLABLE>X</IS_NULLABLE>
     <REF_TYPE>T</REF_TYPE>
     <ABAP_FIELD>APPROVAL_DATE</ABAP_FIELD>
     <ABTY_XU>X</ABTY_XU>
     <SORT_ORDER>8</SORT_ORDER>
     <DESCRIPTION_XU>X</DESCRIPTION_XU>
    </_-IWBEP_-I_SBO_PR>
    <_-IWBEP_-I_SBO_PR>
     <PROJECT>ZPRICE_MGMT</PROJECT>
     <NODE_UUID>bQaIQJy9H9CGxG7pF9l0iw==</NODE_UUID>
     <PARENT_UUID>bQaIQJy9H9CGxG7pF9hUiw==</PARENT_UUID>
     <NAME>ApprovalTime</NAME>
     <CREATABLE>X</CREATABLE>
     <EDM_CORE_TYPE>Edm.Time</EDM_CORE_TYPE>
     <UPDATABLE>X</UPDATABLE>
     <IS_NULLABLE>X</IS_NULLABLE>
     <REF_TYPE>T</REF_TYPE>
     <ABAP_FIELD>APPROVAL_TIME</ABAP_FIELD>
     <ABTY_XU>X</ABTY_XU>
     <SORT_ORDER>9</SORT_ORDER>
     <DESCRIPTION_XU>X</DESCRIPTION_XU>
    </_-IWBEP_-I_SBO_PR>
    <_-IWBEP_-I_SBO_PR>
     <PROJECT>ZPRICE_MGMT</PROJECT>
     <NODE_UUID>bQaIQJy9H9CGxG7pF9mUiw==</NODE_UUID>
     <PARENT_UUID>bQaIQJy9H9CGxG7pF9hUiw==</PARENT_UUID>
     <NAME>ApproverUser</NAME>
     <CREATABLE>X</CREATABLE>
     <MAX_LENGTH>12</MAX_LENGTH>
     <EDM_CORE_TYPE>Edm.String</EDM_CORE_TYPE>
     <UPDATABLE>X</UPDATABLE>
     <IS_NULLABLE>X</IS_NULLABLE>
     <REF_TYPE>T</REF_TYPE>
     <ABAP_FIELD>APPROVER_USER</ABAP_FIELD>
     <ABTY_XU>X</ABTY_XU>
     <SORT_ORDER>10</SORT_ORDER>
     <DESCRIPTION_XU>X</DESCRIPTION_XU>
    </_-IWBEP_-I_SBO_PR>
   </_-IWBEP_-I_SBO_PR>
  </asx:values>
 </asx:abap>
</abapGit>
